{"cameraMode":{"drawMode":0,"name":"Shaded","section":"Shading Mode"},"sceneLighting":false,"audioPlay":false,"sceneViewState":{"showFog":true,"showMaterialUpdate":false,"showSkybox":true,"showFlares":true,"showImageEffects":true,"showParticleSystems":true},"in2DMode":false,"pivot":{"x":-5.550000190734863,"y":1.409999966621399,"z":0.9399999976158142},"rotation":{"x":0.0050906226970255379,"y":0.007796609774231911,"z":-0.0000012631340950974846,"w":-0.9999566674232483},"size":0.2800140380859375,"orthographic":false}